PDB file,Chain ID,variant,WT_SSE,WT_RSA(%),WT_DEPTH (angstrom),WT_OSP,WT_SS,WT_SN,WT_SO,MT_SSE,MT_RSA(%),MT_DEPTH (angstrom),MT_OSP,MT_SS,MT_SN,MT_SO,Predicted ddg,Outcome
1D5R.pdb,A,A121E,E,0.7,12.3,0.51,0,0,0,E,0,10.7,0.58,1,0,1,-2.41,Reduced stability
1D5R.pdb,A,A121P,E,0.7,12.3,0.51,0,0,0,E,0,10.9,0.57,0,0,0,-3.68,Reduced stability
1D5R.pdb,A,K125P,a,21,4.08,0.296,1,0,0,a,17.299999,4.56,0.375,0,0,0,-0.85,Reduced stability
1D5R.pdb,A,A126D,a,55.7,3.1,0.23,0,0,0,a,68.7,3.5,0.21,0,0,0,-0.02,Reduced stability
1D5R.pdb,A,A151P,H,0,7.6,0.62,0,0,0,H,0,6.9,0.68,0,0,0,-4.49,Reduced stability
1D5R.pdb,A,A34D,E,0,9.7,0.55,0,0,0,E,0,8.5,0.61,1,0,1,-2.74,Reduced stability
1D5R.pdb,A,A34P,E,0,9.7,0.55,0,0,0,E,0,9.6,0.61,0,0,0,-3.68,Reduced stability
1D5R.pdb,A,A79T,a,86.3,3.1,0.19,0,0,0,a,80.2,3.2,0.19,0,0,0,-0.11,Reduced stability
1D5R.pdb,A,C124S,b,4.3,6.7,0.52,1,1,1,b,4.3,7.3,0.54,1,1,0,-1.44,Reduced stability
1D5R.pdb,A,C211W,b,0.3,7.3,0.5,0,0,1,b,0,7.6,0.69,1,0,0,-1.53,Reduced stability
1D5R.pdb,A,D107G,H,32,3.8,0.44,1,0,0,H,61.5,4,0.4,0,0,0,-0.32,Reduced stability
1D5R.pdb,A,D107V,H,32,3.8,0.44,1,0,0,H,41.6,3.8,0.43,0,0,0,0.72,Increased stability
1D5R.pdb,A,D22E,g,74,3.4,0.22,1,0,0,g,87.3,3.4,0.15,0,0,0,0.54,Increased stability
1D5R.pdb,A,D252G,E,8.6,5.7,0.39,1,1,0,E,27.2,5.5,0.31,0,0,0,-0.72,Reduced stability
1D5R.pdb,A,D268E,E,55.5,3.6,0.3,0,0,0,E,51,3.5,0.28,0,0,0,1.16,Increased stability
1D5R.pdb,A,D326N,a,1.9,5.9,0.51,1,1,0,a,2.3,5.7,0.5,1,1,0,-0.23,Reduced stability
1D5R.pdb,A,E157G,H,56.2,3.5,0.28,0,0,1,H,55.5,3.9,0.34,0,0,0,-1.53,Reduced stability
1D5R.pdb,A,E256K,E,20.3,4.2,0.41,0,0,0,E,28.7,4,0.37,0,0,0,-0.12,Reduced stability
1D5R.pdb,A,E73K,p,47,3.7,0.21,1,0,0,a,53.3,3.4,0.14,0,0,0,-0.45,Reduced stability
1D5R.pdb,A,F241S,E,1.8,8.2,0.55,0,0,0,E,18.1,6.9,0.4,0,0,0,-2.96,Reduced stability
1D5R.pdb,A,F279I,H,7,5.5,0.51,0,0,0,a,22.2,5.1,0.37,0,0,0,-0.01,Reduced stability
1D5R.pdb,A,F279L,H,7,5.5,0.51,0,0,0,H,10.7,4.6,0.41,0,0,0,-1.46,Reduced stability
1D5R.pdb,A,F56C,H,0,6.4,0.56,0,0,0,H,0.5,6.6,0.48,0,0,0,-0.93,Reduced stability
1D5R.pdb,A,G127R,l,0,5.2,0.49,0,0,0,l,0,8.3,0.74,1,0,1,-2.85,Reduced stability
1D5R.pdb,A,G129E,H,18.3,6.1,0.44,0,0,0,H,4.5,7.3,0.61,1,1,0,1.95,Increased stability
1D5R.pdb,A,G129R,H,18.3,6.1,0.44,0,0,0,H,23.3,4.7,0.37,1,0,0,1.24,Increased stability
1D5R.pdb,A,G132D,H,0,11,0.64,0,0,0,H,0,10.4,0.72,1,0,0,-2.62,Reduced stability
1D5R.pdb,A,P38E,t,0,10.54,0.597,0,0,0,t,0,11.09,0.613,1,0,1,0.92,Increased stability
1D5R.pdb,A,G44D,e,117.5,3.4,0.14,0,0,0,e,98.9,3.3,0.12,0,0,0,-3.05,Reduced stability
1D5R.pdb,A,H118P,a,47.2,3.5,0.35,0,0,0,a,31.6,3.8,0.4,0,0,0,-0.75,Reduced stability
1D5R.pdb,A,H123Q,E,0,11,0.6,1,0,0,E,0,12.1,0.58,1,0,1,-0.75,Reduced stability
1D5R.pdb,A,H123Y,E,0,11,0.6,1,0,0,E,0,11.4,0.64,1,1,1,-0.11,Reduced stability
1D5R.pdb,A,H93Q,l,74.5,3.4,0.22,0,0,0,l,78,3.5,0.21,0,0,0,-0.15,Reduced stability
1D5R.pdb,A,H93R,l,74.5,3.4,0.22,0,0,0,l,79.1,3.4,0.16,0,0,0,-0.14,Reduced stability
1D5R.pdb,A,H93Y,l,74.5,3.4,0.22,0,0,0,l,58.7,3.6,0.22,0,0,0,0.32,Increased stability
1D5R.pdb,A,I101F,H,0.2,8.7,0.49,0,0,0,H,0.8,8.8,0.56,0,0,0,-0.94,Reduced stability
1D5R.pdb,A,I101T,H,0.2,8.7,0.49,0,0,0,H,2.8,8.4,0.44,0,0,1,-3.12,Reduced stability
1D5R.pdb,A,I135T,H,0,10.9,0.54,0,0,0,H,1.1,10.6,0.48,0,0,0,-2.54,Reduced stability
1D5R.pdb,A,I135V,H,0,10.9,0.54,0,0,0,H,0.5,11.3,0.5,0,0,0,-2.56,Reduced stability
1D5R.pdb,A,I203V,b,9.9,4.6,0.4,0,0,0,b,9.2,4.3,0.35,0,0,0,-2.25,Reduced stability
1D5R.pdb,A,K322E,a,9.5,5.1,0.47,1,0,1,a,10.6,5,0.42,0,0,1,-0.51,Reduced stability
1D5R.pdb,A,K330E,H,59.3,3.4,0.21,0,0,0,H,77.5,3.3,0.2,0,0,0,0.87,Increased stability
1D5R.pdb,A,L70V,E,0,9.9,0.57,0,0,0,E,0,9.5,0.51,0,0,0,-1.58,Reduced stability
1D5R.pdb,A,M134I,H,0,10.5,0.53,0,0,0,H,0,11.4,0.56,0,0,0,-0.29,Reduced stability
1D5R.pdb,A,M134T,H,0,10.5,0.53,0,0,0,H,7.3,11.6,0.52,0,0,0,-2.28,Reduced stability
1D5R.pdb,A,M198I,E,0,11.3,0.55,0,0,0,E,0,11,0.52,0,0,0,0.85,Increased stability
1D5R.pdb,A,N117S,b,25.3,4,0.51,0,0,1,b,10.1,4,0.53,0,0,1,0.02,Increased stability
1D5R.pdb,A,N228S,p,108.4,3.3,0.15,0,0,0,p,105.2,3,0.15,0,0,0,0.36,Increased stability
1D5R.pdb,A,N262S,p,86.7,3.4,0.2,0,0,0,p,85.1,3.3,0.19,0,0,0,0.36,Increased stability
1D5R.pdb,A,N276S,E,0.7,7.2,0.65,1,1,0,E,0,8,0.6,1,0,0,-0.4,Reduced stability
1D5R.pdb,A,P246L,E,45.3,3.4,0.27,0,0,0,E,55.1,3.7,0.28,0,0,0,2.33,Increased stability
1D5R.pdb,A,P38H,t,0,10.5,0.6,0,0,0,t,0,11.3,0.62,1,0,0,0.81,Increased stability
1D5R.pdb,A,Q171E,H,1.3,7,0.55,0,0,1,H,0.5,7.5,0.56,0,0,1,-0.33,Reduced stability
1D5R.pdb,A,R130L,H,3.1,6.5,0.49,0,0,1,H,11.6,6.8,0.49,0,0,0,-1.19,Reduced stability
1D5R.pdb,A,R130Q,H,3.1,6.5,0.49,0,0,1,H,8,6.9,0.47,0,0,1,-1.98,Reduced stability
1D5R.pdb,A,R14G,g,104.1,3.1,0.11,0,0,0,g,66.3,3.5,0.16,0,0,0,0,Increased stability
1D5R.pdb,A,R15S,p,53.3,3.6,0.32,0,0,1,b,52.3,3.6,0.37,0,0,0,-0.92,Reduced stability
1D5R.pdb,A,R173H,H,16.4,4.4,0.45,0,0,1,H,34.9,4.3,0.34,0,0,1,-1.48,Reduced stability
1D5R.pdb,A,R173P,H,16.4,4.4,0.45,0,0,1,H,44.4,3.8,0.38,0,0,0,-3.52,Reduced stability
1D5R.pdb,A,R47K,a,83.1,3.4,0.1,0,0,0,a,77.7,3.5,0.1,0,0,0,-0.06,Reduced stability
1D5R.pdb,A,R47W,a,83.1,3.4,0.1,0,0,0,a,71.2,3.5,0.13,0,0,0,0.16,Increased stability
1D5R.pdb,A,T131I,H,0,9.1,0.59,1,0,0,H,0,9.1,0.64,0,0,0,0.95,Increased stability
1D5R.pdb,A,T167N,a,32.8,3.7,0.29,0,0,0,a,34.3,3.8,0.28,1,0,0,0.02,Increased stability
1D5R.pdb,A,T202I,b,32.3,3.9,0.37,1,0,0,b,34.6,3.9,0.33,0,0,0,0.95,Increased stability
1D5R.pdb,A,T348S,E,29.5,3.7,0.4,0,0,0,E,37.1,3.6,0.39,0,0,0,-0.8,Reduced stability
1D5R.pdb,A,T78A,a,32.5,3.9,0.33,0,0,0,H,49.9,3.2,0.26,0,0,0,0.58,Increased stability
1D5R.pdb,A,V255A,E,0.7,10.6,0.49,0,0,0,E,1.2,10.3,0.41,0,0,0,-2.85,Reduced stability
1D5R.pdb,A,W274L,E,13.7,6.1,0.45,1,0,0,E,14.2,6.5,0.46,0,0,0,-1.37,Reduced stability
1D5R.pdb,A,Y138L,H,4.3,6.3,0.55,1,0,0,H,1.4,7,0.52,0,0,0,0.27,Increased stability
1D5R.pdb,A,Y176C,H,52.3,3.6,0.33,0,0,0,H,75.7,3.3,0.28,0,0,0,-0.28,Reduced stability
1D5R.pdb,A,Y180H,H,54,3.8,0.35,0,0,0,H,54.7,3.6,0.33,0,0,1,-0.34,Reduced stability
1D5R.pdb,A,Y27C,E,22,3.9,0.4,0,0,0,E,33.7,3.6,0.34,0,0,0,-0.06,Reduced stability
1D5R.pdb,A,Y346F,E,13.5,4.9,0.51,0,0,0,E,14.3,4.8,0.51,0,0,0,-0.82,Reduced stability
1D5R.pdb,A,Y65C,E,0.5,7,0.5,1,1,0,E,8.5,7.8,0.4,0,0,0,-1.63,Reduced stability
1D5R.pdb,A,Y68H,E,0,7.7,0.53,1,0,0,E,0,8.2,0.48,0,0,0,-1.42,Reduced stability
1D5R.pdb,A,Y68N,E,0,7.7,0.53,1,0,0,E,3.7,8.7,0.45,0,0,0,-2.66,Reduced stability