variant,vac14,fig4,vac7,vam3,vam7,ypt7,vps30,vps38,Mighell,PolyPhen,ClinVar,ClinVar significance,COSMIC,Tumor Type,Allele Frequency,gnomAD,ground_truth
A121E,0.994535519,0.775362319,0.888888889,0.839285714,0.592592593,0.638888889,0.428571429,0.791666667,-0.417653066,1,no,N/A,yes,"['Carcinoma', 'Carcinoma']",N/A,no,
A121P,0.551912568,0.630434783,0.805555556,0.464285714,0.574074074,0.611111111,0.285714286,0.791666667,-0.49541243,1,no,N/A,yes,"['Carcinoma', 'Carcinoma', 'Carcinoma']",N/A,no,
A126P,1,1.007246377,0.9375,1.089285714,0.907407407,1.388888889,1.114285714,1.541666667,-0.578579901,1,no,N/A,yes,"['Carcinoma', 'Carcinoma', 'Carcinoma']",N/A,no,
A126D,1.063218391,1.042372881,0.99270073,1.555555556,1.079365079,1.37037037,1.047619048,2.230769231,-0.256866657,1,no,N/A,yes,"['Carcinoma', 'Carcinoma', 'Carcinoma', 'Carcinoma', 'Glioma']",N/A,no,
A151P,0.576923077,0.805031447,1.025477707,0.561403509,0.666666667,0.980392157,0.708333333,0.333333333,-0.805089222,1,no,N/A,no,N/A,N/A,no,
A309S,0.014492754,-0.015748031,0.072368421,0,0.066666667,-0.321428571,-0.529411765,-0.142857143,-0.308489513,0,no,N/A,no,N/A,N/A,no,
A34D,1.053140097,1.031496063,1.046052632,1.234375,0.773333333,1.5,2.294117647,0.8,-0.960501593,1,no,N/A,yes,['Carcinoma'],N/A,no,
A34P,0.893719807,0.968503937,0.934210526,0.828125,0.88,2.107142857,2,0.714285714,-0.756192263,1,no,N/A,no,N/A,N/A,no,
A79T,0.009090909,-0.018987342,0.028409091,0.034482759,-0.144578313,-0.03125,-0.285714286,-0.3,0.054034306,0.005,yes,Pathogenic,yes,"['Carcinoma', 'Carcinoma', 'Carcinoma', 'Carcinoma', 'Glioma']",0.000103055,yes,1
C124S,1.040697674,1.191304348,1.117647059,2.069767442,1.101694915,3.230769231,1.5,1.285714286,-1.223910727,1,no,N/A,yes,"['Carcinoma', 'Carcinoma', 'Carcinoma', 'Carcinoma', 'Glioma', 'Carcinoma', 'Other', 'Carcinoma', 'Carcinoma', 'Glioma', 'Carcinoma', 'Carcinoma', 'Carcinoma', 'Glioma', 'Carcinoma', 'In situ neoplasm', 'Glioma', 'Carcinoma']",N/A,no,1
C136fs,1.159235669,1.445652174,1.243697479,1.75,1.19047619,2.25,2.368421053,2.192307692,,,no,N/A,no,N/A,N/A,no,
C211W,0.176470588,0.221153846,0.403846154,0,0.324324324,0.307692308,0.36,0.5,-0.250662359,0.992,yes,Likely pathogenic,no,N/A,N/A,no,1
D107G,0.333333333,0.605769231,0.836538462,0.580645161,0.405405405,0.051282051,0.48,0.590909091,0.028884666,0.999,no,N/A,no,N/A,N/A,no,
D107V,0.968152866,1.336956522,1.100840336,1.431818182,0.952380952,2.3125,2.842105263,2.192307692,-0.712965385,0.999,yes,Likely pathogenic,yes,"['Carcinoma', 'Carcinoma']",N/A,no,1
D22E,0.713375796,1.239130435,1.18487395,1.477272727,1.333333333,2.375,2.842105263,2.730769231,-0.363589276,0.297,no,N/A,yes,['Carcinoma'],N/A,no,
D252G,0.581699346,0.957446809,1.06185567,1.806451613,0.769230769,1.965517241,1.866666667,2.388888889,-0.522853504,0.862,yes,Pathogenic,yes,"['Carcinoma', 'Carcinoma', 'Carcinoma', 'Carcinoma', 'Glioma', 'Carcinoma']",N/A,no,1
D268E,0.019323671,0.023622047,0.039473684,0.046875,-0.066666667,0.75,-0.058823529,0.085714286,0.056335824,0.007,no,N/A,yes,"['Carcinoma', 'Carcinoma', 'Carcinoma']",0.00067926,yes,0
D326N,0.534883721,0.739130435,0.899159664,0.651162791,0.525423729,0.653846154,0.75,0.75,-0.232287765,1,no,N/A,no,N/A,N/A,no,
E157G,0.758169935,-0.893617021,-0.81443299,-2.967741935,1.057692308,-0.896551724,-5.8,0.388888889,-0.086340745,0.777,yes,Uncertain significance,no,N/A,3.98E-06,yes,
E256K,0.057692308,0.100628931,0.089171975,0.333333333,0.12,0.294117647,0.75,0.181818182,-0.271995557,0.977,no,N/A,yes,"['Carcinoma', 'Carcinoma']",N/A,no,
E307Q,0.043478261,0.102362205,0.052631579,0.140625,-0.04,0.071428571,0.294117647,0.085714286,0.031665973,0.005,yes,Uncertain significance,no,N/A,3.98E-06,yes,0
E73K,0.18579235,0.246376812,0.361111111,0.571428571,0.62962963,0.777777778,0.571428571,0.666666667,0.076869936,0.999,no,N/A,yes,['Carcinoma'],N/A,no,
F241S,0.660130719,1.191489362,1.24742268,1.612903226,1.134615385,1.896551724,1.533333333,1.833333333,-0.599858557,0.033,yes,Pathogenic,yes,"['Carcinoma', 'Carcinoma', 'Carcinoma', 'Carcinoma', 'Glioma']",N/A,no,1
F279I,0.961538462,0.773584906,0.866242038,0.842105263,0.853333333,0.803921569,0.291666667,0.454545455,-0.03466122,0.978,no,N/A,no,N/A,N/A,no,
F279L,-0.004807692,0.075471698,0.114649682,0.070175439,0,0.019607843,0.25,-0.090909091,-0.259507161,0.948,no,N/A,no,N/A,N/A,no,
F56C,0.647058824,0.884615385,1.033898305,1.166666667,1.320754717,1.612903226,4.857142857,4.833333333,-0.240570479,0.999,no,N/A,yes,"['Carcinoma', 'Carcinoma']",4.20E-06,yes,0
G127R,0.971264368,0.957627119,1.00729927,1.25,1.015873016,1.444444444,0.904761905,2.538461538,-0.55825153,1,yes,Uncertain significance,yes,"['Carcinoma', 'Carcinoma', 'Carcinoma', 'Carcinoma', 'Glioma', 'Carcinoma', 'Other', 'Carcinoma']",N/A,no,1
G129E,1.301470588,1.288461538,1.457627119,2,1.886792453,1.677419355,5.642857143,6.25,-1.352440879,1,yes,Uncertain significance,yes,"['Carcinoma', 'Carcinoma', 'Carcinoma', 'Carcinoma', 'Glioma', 'Carcinoma', 'Other', 'Carcinoma', 'Carcinoma', 'Glioma']",N/A,no,1
G129R,1.055045872,1.09202454,1.339393939,1.428571429,1.4875,1.717391304,2.333333333,2.117647059,-0.369397125,1,yes,Uncertain significance,yes,"['Carcinoma', 'Carcinoma', 'Carcinoma', 'Carcinoma', 'Glioma', 'Carcinoma', 'Other', 'Carcinoma', 'Carcinoma', 'Glioma', 'Carcinoma', 'Carcinoma', 'Carcinoma', 'Glioma', 'Carcinoma', 'In situ neoplasm', 'Glioma', 'Carcinoma', 'Carcinoma']",N/A,no,1
G132D,0.994186047,1.034782609,1.075630252,1.139534884,0.966101695,1.230769231,0.416666667,0.821428571,-0.840472238,1,yes,Uncertain significance,yes,"['Carcinoma', 'Carcinoma', 'Carcinoma', 'Carcinoma', 'Glioma', 'Carcinoma', 'Other', 'Carcinoma', 'Carcinoma', 'Glioma', 'Carcinoma', 'Carcinoma', 'Carcinoma', 'Glioma', 'Carcinoma', 'In situ neoplasm', 'Glioma', 'Carcinoma', 'Carcinoma', 'Carcinoma']",N/A,no,1
E285X,-0.03030303,-0.068965517,-0.01,-0.258064516,-0.125,0.458333333,0.181818182,-0.157894737,0.082814179,,no,N/A,no,N/A,N/A,no,
P38E,1.142076503,0.97826087,0.923611111,1.071428571,1.185185185,1.777777778,0.742857143,0.833333333,-1.149054438,1,no,N/A,no,N/A,N/A,no,
G44D,0.931818182,1.044303797,1.056818182,0.965517241,0.855421687,1.0625,1.047619048,0.7,-0.770082865,0.968,yes,Pathogenic,yes,"['Carcinoma', 'Carcinoma', 'Carcinoma', 'Carcinoma']",N/A,no,1
H118P,0.589041096,1.055555556,1.447058824,2.151515152,1.411764706,2.423076923,2.7,3.533333333,-0.398308065,0.995,no,N/A,no,N/A,N/A,no,
H123Q,0.808219178,1.233333333,1.223529412,0.96969697,0.803921569,1.192307692,0.4,1.133333333,-0.330185633,0.998,yes,Uncertain significance,no,N/A,N/A,no,
H123Y,0.949541284,1.239263804,1.36969697,1.742857143,1.475,2.97826087,3.757575758,3.352941176,-1.136100361,0.996,yes,Uncertain significance,yes,"['Carcinoma', 'Carcinoma', 'Carcinoma', 'Carcinoma', 'Glioma', 'Carcinoma', 'Other', 'Carcinoma', 'Carcinoma', 'Glioma', 'Carcinoma']",N/A,no,1
H93Q,0.272058824,0.105769231,0.186440678,1.111111111,0.471698113,0.967741935,2.071428571,1.666666667,-0.02280045,1,no,N/A,yes,"['Carcinoma', 'Carcinoma', 'Carcinoma', 'Carcinoma', 'Glioma']",N/A,no,1
H93R,-0.191780822,-0.522222222,-0.658823529,-0.393939394,-0.37254902,-0.923076923,-1.8,-2.266666667,0.007569453,0.998,yes,Uncertain significance,yes,"['Carcinoma', 'Carcinoma', 'Carcinoma', 'Carcinoma', 'Glioma', 'Carcinoma', 'Other', 'Carcinoma', 'Carcinoma', 'Glioma', 'Carcinoma', 'Carcinoma', 'Carcinoma', 'Glioma']",N/A,no,1
H93Y,0.156862745,0.317307692,0.490384615,0.161290323,0.621621622,0.256410256,1.04,0.727272727,-0.615014941,0.999,no,N/A,yes,"['Carcinoma', 'Carcinoma', 'Carcinoma', 'Carcinoma', 'Glioma', 'Carcinoma', 'Other', 'Carcinoma', 'Carcinoma']",N/A,no,1
I101F,0.114678899,0.239263804,0.454545455,0.214285714,0.1625,0.434782609,0.393939394,0.470588235,-0.595219333,0.998,no,N/A,no,N/A,N/A,no,
I101T,0.738853503,1.206521739,1.260504202,1.659090909,1.253968254,2.4375,3.473684211,2.769230769,-0.777155334,0.998,no,N/A,yes,"['Carcinoma', 'Carcinoma', 'Carcinoma', 'Carcinoma', 'Glioma', 'Carcinoma', 'Other', 'Carcinoma', 'Carcinoma', 'Glioma', 'Carcinoma', 'Carcinoma', 'Carcinoma']",N/A,no,1
I135fs,1.211009174,1.288343558,1.23030303,1.8,1.4375,2.413043478,2.939393939,2.941176471,,,no,N/A,no,N/A,N/A,no,
I135T,0.205882353,0.384615385,0.542372881,0.583333333,0.320754717,0.580645161,1.214285714,1.666666667,-0.207048792,0.998,no,N/A,no,N/A,N/A,no,0
I135V,0.160550459,0.355828221,0.412121212,0.785714286,0.5625,1.456521739,1.484848485,2.264705882,-0.018392296,0.987,yes,Uncertain significance,yes,"['Carcinoma', 'Carcinoma', 'Carcinoma', 'Carcinoma', 'Glioma', 'Carcinoma', 'Other', 'Carcinoma']",N/A,no,1
I203V,0.040909091,-0.037974684,0,0.017241379,0.012048193,-0.03125,0,0,0.112498012,0,yes,Conflicting interpretations of pathogenicity,yes,['Carcinoma'],N/A,no,
K322E,0.115384615,0.194968553,0.388535032,0.140350877,0.28,0.333333333,0.833333333,0.393939394,-0.041700376,0.999,no,N/A,yes,['Carcinoma'],N/A,no,
K330E,-0.009615385,-0.006289308,0.038216561,0.01754386,-0.16,-0.176470588,0.083333333,-0.090909091,-0.023687276,0.999,no,N/A,no,N/A,N/A,no,
K6E,0.803030303,0.896551724,0.9,0.838709677,1.125,1.041666667,0.363636364,0.578947368,-0.405880055,0.155,no,N/A,yes,"['Carcinoma', 'Carcinoma', 'Carcinoma']",N/A,no,1
K6I,0.795321637,1.028037383,1.087719298,0.795918367,0.705882353,0.485714286,0.52,0.882352941,-0.472069793,0.244,no,N/A,yes,['Carcinoma'],N/A,no,
L139X,0.897260274,1.211111111,1.2,1.272727273,0.588235294,0.769230769,1.05,1.933333333,0.049418425,,no,N/A,no,N/A,N/A,no,
L295V,-0.111111111,-0.11023622,-0.118421053,0.09375,-0.4,0.357142857,0.705882353,0.028571429,0.069827193,0,no,N/A,yes,['Carcinoma'],N/A,no,
L320X,0.801169591,0.962616822,0.842105263,0.93877551,0.960784314,1,0.44,0.176470588,-0.362479123,,no,N/A,no,N/A,N/A,no,
L70V,0.279069767,0.4,0.773109244,0.488372093,0,0.769230769,2,0.785714286,0.039242063,0.999,no,N/A,no,N/A,N/A,no,
M134I,0.712418301,0.932692308,1.201923077,1.258064516,1.540540541,1.153846154,0.72,1.090909091,-0.427779605,0.977,yes,Likely pathogenic,yes,"['Carcinoma', 'Carcinoma', 'Carcinoma', 'Carcinoma', 'Glioma', 'Carcinoma', 'Other', 'Carcinoma', 'Carcinoma', 'Glioma', 'Carcinoma', 'Carcinoma']",N/A,no,1
M134T,0.893939394,1.08045977,0.83,1.129032258,0.8125,1.041666667,0,1,-0.368669915,0.985,yes,Pathogenic,yes,['Carcinoma'],N/A,no,1
M198I,0.036363636,-0.018987342,0,0.120689655,-0.060240964,0.203125,-0.476190476,-0.066666667,-0.060583007,0.001,no,N/A,no,N/A,3.99E-06,yes,0
M1I,1.026143791,1.009615385,0.980769231,0.967741935,1.378378378,0.615384615,1,1.272727273,-0.169953249,0.851,no,N/A,yes,['Carcinoma'],N/A,no,
N117S,-0.009090909,0.063291139,0.090909091,0.086206897,-0.012048193,-0.0625,0.571428571,0.066666667,0.060225322,0.096,yes,Uncertain significance,yes,['Carcinoma'],7.96E-06,yes,
N12T,0.294117647,0.519230769,0.807692308,0.35483871,0.351351351,0.153846154,0.44,0.636363636,-0.080287494,0.025,yes,Uncertain significance,no,N/A,N/A,no,
N228S,0.027272727,0.03164557,0.039772727,-0.155172414,0.108433735,-0.0625,0.380952381,0.133333333,-0.095585025,0.007,yes,Uncertain significance,no,N/A,3.98E-06,yes,0
N262S,-0.045454545,-0.170886076,-0.204545455,-0.137931034,-0.156626506,-0.171875,-0.333333333,-0.633333333,-0.052001162,0.007,no,N/A,no,N/A,3.98E-06,yes,0
N276S,1.023255814,1.295652174,1.176470588,1.953488372,1.542372881,3.230769231,2.875,2.142857143,-0.267071233,0.999,no,N/A,yes,['Carcinoma'],N/A,no,
N356H,0.052631579,0,0.061403509,0.020408163,-0.098039216,0.342857143,0.32,0.058823529,-0.022580172,0.01,no,N/A,no,N/A,4.08E-06,yes,0
N356Q,-0.023391813,-0.056074766,-0.114035088,0.040816327,-0.274509804,-0.257142857,-0.24,0.058823529,0.037949643,0.088,no,N/A,no,N/A,N/A,no,
P246L,0.211678832,0.588888889,0.781609195,0.285714286,0.516129032,0.464285714,0.217391304,0.125,-0.405413153,0.116,yes,Uncertain significance,yes,"['Carcinoma', 'Carcinoma', 'Carcinoma', 'Carcinoma', 'Glioma', 'Carcinoma', 'Other', 'Carcinoma', 'Carcinoma', 'Glioma', 'Carcinoma', 'Carcinoma', 'Carcinoma', 'Glioma']",N/A,no,1
P354Q,0.035087719,0.009345794,0,0,-0.098039216,-0.142857143,0.36,-0.058823529,0.022765237,0.238,yes,Uncertain significance,no,N/A,7.60E-05,yes,0
P38H,1.210191083,1.554347826,1.327731092,1.909090909,1.301587302,2.21875,3.421052632,3.115384615,-1.195850772,1,no,N/A,yes,"['Carcinoma', 'Carcinoma']",N/A,no,
Q171E,0.905109489,1.033333333,1.172413793,1.085714286,1.322580645,1.071428571,1,1,-0.577427063,0.956,no,N/A,yes,"['Carcinoma', 'Carcinoma', 'Carcinoma']",N/A,no,
Q298E,-0.004830918,0.039370079,0.085526316,0.203125,-0.12,-0.428571429,-0.294117647,-0.114285714,0.076300884,0.001,yes,Pathogenic/Likely pathogenic,no,N/A,1.77E-05,yes,1
Q396R,0.005747126,-0.008474576,0.03649635,-0.25,0,0.111111111,-0.047619048,-0.307692308,-0.045574691,0.075,no,N/A,no,N/A,4.08E-06,yes,0
R130L,1.075342466,1.333333333,1.494117647,1.818181818,1.235294118,2.923076923,3,3.2,-0.774535119,0.999,yes,Uncertain significance,yes,"['Carcinoma', 'Carcinoma', 'Carcinoma', 'Carcinoma', 'Glioma', 'Carcinoma', 'Other', 'Carcinoma', 'Carcinoma', 'Glioma', 'Carcinoma', 'Carcinoma', 'Carcinoma', 'Glioma', 'Carcinoma', 'In situ neoplasm', 'Glioma', 'Carcinoma', 'Carcinoma', 'Carcinoma', 'Carcinoma', 'Carcinoma', 'Carcinoma', 'Carcinoma', 'Carcinoma', 'Malignant melanoma', 'Carcinoma']",N/A,no,1
R130Q,1.022988506,0.983050847,1,1.277777778,0.936507937,1.111111111,1.238095238,1.692307692,-0.510041028,0.998,yes,Uncertain significance,yes,"['Carcinoma', 'Carcinoma', 'Carcinoma', 'Carcinoma', 'Glioma', 'Carcinoma', 'Other', 'Carcinoma', 'Carcinoma', 'Glioma', 'Carcinoma', 'Carcinoma', 'Carcinoma', 'Glioma', 'Carcinoma', 'In situ neoplasm', 'Glioma', 'Carcinoma', 'Carcinoma', 'Carcinoma', 'Carcinoma', 'Carcinoma', 'Carcinoma', 'Carcinoma', 'Carcinoma', 'Malignant melanoma', 'Carcinoma', 'Carcinoma', 'Carcinoma', 'Lymphoid neoplasm', 'Carcinoma', 'Carcinoma', 'Glioma', 'Carcinoma', 'Carcinoma', 'Glioma', 'Carcinoma', 'Carcinoma', 'Carcinoma', 'Carcinoma', 'Carcinoma', 'Carcinoma', 'Carcinoma', 'Lymphoid neoplasm', 'In situ neoplasm', 'Carcinoma', 'Carcinoma', 'Carcinoma', 'Lymphoid neoplasm', 'Carcinoma', 'Leiomyosarcoma', 'Malignant melanoma', 'Carcinoma', 'Carcinoma', 'Carcinoma', 'Glioma', 'Carcinoma', 'Carcinoma', 'Glioma', 'Carcinoma', 'Glioma', 'Carcinoma', 'Glioma', 'Lymphoid neoplasm', 'Glioma', 'Malignant melanoma', 'NS', 'Carcinoma', 'Carcinoma', 'Adnexal tumour', 'Carcinoma', 'Carcinoma', 'Carcinoma', 'Carcinoma', 'Carcinoma', 'Carcinoma', 'Carcinoma', 'Carcinoma', 'Lymphoid neoplasm', 'Glioma', 'Glioma', 'Glioma', 'Carcinoma', 'Carcinoma', 'Carcinoma', 'Carcinoma', 'Carcinoma', 'Carcinoma', 'Carcinoma', 'Carcinoma', 'Carcinoma', 'Carcinoma', 'Carcinoma', 'Carcinoma', 'Carcinoma', 'Carcinoma', 'Carcinoma', 'Carcinoma', 'Carcinoma', 'Carcinoma', 'Carcinoma', 'Glioma', 'Carcinoma', 'Carcinoma', 'Carcinoma', 'Carcinoma', 'Carcinoma', 'Carcinoma', 'Carcinoma', 'Carcinoma', 'Carcinoma', 'Liposarcoma', 'Glioma', 'Glioma', 'Carcinoma', 'Carcinoma', 'Carcinoma', 'Carcinoma', 'Glioma', 'Carcinoma', 'Carcinoma', 'Glioma', 'Carcinoma', 'Carcinoma', 'Carcinoma', 'Glioma', 'Glioma', 'Carcinoma', 'Carcinoma', 'Glioma', 'Glioma', 'Carcinoma', 'Carcinoma', 'Glioma', 'Carcinoma', 'Carcinoma', 'Glioma', 'Carcinoma', 'Carcinoma', 'Carcinoma', 'Carcinoma', 'Carcinoma', 'Glioma', 'Carcinoma', 'Carcinoma', 'Carcinoma', 'Carcinoma', 'Glioma', 'Carcinoma', 'Glioma', 'Carcinoma', 'Carcinoma', 'Gastrointestinal stromal tumour', 'Carcinoma', 'Malignant melanoma', 'Malignant melanoma', 'Malignant melanoma', 'Carcinoma', 'Carcinoma', 'Carcinoma', 'Carcinoma', 'Carcinoma', 'Carcinoma', 'Carcinoma', 'Carcinoma', 'Carcinoma', 'Carcinoma', 'Carcinoma', 'Carcinoma', 'Glioma', 'Glioma', 'Glioma', 'Glioma', 'Carcinoma', 'Carcinoma', 'Glioma', 'Carcinoma', 'Carcinoma', 'Carcinoma', 'Carcinoma', 'Glioma', 'Carcinoma', 'Carcinoma', 'Glioma', 'Carcinoma', 'Carcinoma', 'Lymphoid neoplasm', 'Glioma', 'Glioma', 'Carcinoma', 'Glioma', 'Carcinoma', 'Liposarcoma', 'Synovial sarcoma', 'Glioma', 'Glioma', 'Glioma', 'Glioma', 'Carcinoma', 'Carcinoma', 'Glioma', 'Carcinoma', 'Carcinoma', 'Glioma', 'Glioma', 'Glioma']",N/A,no,1
R130X,1.061643836,1.177777778,1.317647059,1.151515152,0.862745098,1.115384615,0.3,1.333333333,-0.974823136,,no,N/A,yes,['Carcinoma'],N/A,no,
R14G,0.781021898,0.966666667,1.172413793,0.771428571,1.129032258,0.857142857,0.956521739,1.5,-0.177695061,0.123,yes,Likely pathogenic,yes,"['Carcinoma', 'Carcinoma', 'Carcinoma', 'Carcinoma', 'Glioma']",N/A,no,1
R15S,0.742424242,0.931034483,1.03,1,0.84375,0.625,1.181818182,0.631578947,-0.645275196,0.123,yes,Pathogenic/Likely pathogenic,yes,"['Carcinoma', 'Carcinoma', 'Carcinoma', 'Carcinoma']",N/A,no,1
R173H,0.248175182,0.655555556,0.827586207,0.285714286,0.290322581,0.035714286,-0.086956522,0.375,-0.334541432,0.966,yes,Uncertain significance,yes,"['Carcinoma', 'Carcinoma', 'Carcinoma', 'Carcinoma', 'Glioma', 'Carcinoma', 'Other', 'Carcinoma', 'Carcinoma', 'Glioma', 'Carcinoma', 'Carcinoma', 'Carcinoma', 'Glioma', 'Carcinoma', 'In situ neoplasm', 'Glioma', 'Carcinoma', 'Carcinoma', 'Carcinoma', 'Carcinoma', 'Carcinoma', 'Carcinoma', 'Carcinoma', 'Carcinoma', 'Malignant melanoma', 'Carcinoma', 'Carcinoma', 'Carcinoma', 'Lymphoid neoplasm', 'Carcinoma', 'Carcinoma', 'Glioma', 'Carcinoma', 'Carcinoma', 'Glioma', 'Carcinoma', 'Carcinoma', 'Carcinoma', 'Carcinoma', 'Carcinoma', 'Carcinoma', 'Carcinoma', 'Lymphoid neoplasm', 'In situ neoplasm', 'Carcinoma', 'Carcinoma', 'Carcinoma', 'Lymphoid neoplasm', 'Carcinoma', 'Leiomyosarcoma', 'Malignant melanoma', 'Carcinoma', 'Carcinoma', 'Carcinoma', 'Glioma', 'Carcinoma', 'Carcinoma', 'Glioma', 'Carcinoma']",7.96E-06,yes,0
R173P,1.004807692,0.805031447,0.929936306,0.842105263,0.706666667,0.607843137,0.833333333,0.424242424,-0.993846449,0.973,yes,Likely pathogenic,yes,['Carcinoma'],N/A,no,1
R335X,1.039215686,1.393617021,0.979381443,1.741935484,1.384615385,2.103448276,0.8,2.833333333,#VALUE!,,no,N/A,no,N/A,N/A,no,
R357S,-0.063218391,-0.025423729,-0.094890511,0.277777778,0.015873016,0.111111111,0.19047619,-0.307692308,,,no,N/A,no,N/A,N/A,no,
R47K,0.956284153,0.905797101,1.041666667,1.035714286,1,1,0.828571429,1.125,-0.339250356,0.992,yes,Uncertain significance,yes,['Carcinoma'],N/A,no,
R47W,0.879781421,0.920289855,0.986111111,1,1.018518519,1.138888889,0.714285714,1.083333333,-1.198681199,1,no,N/A,no,N/A,N/A,no,
T131I,0.912790698,1.043478261,1,1.302325581,1.084745763,1.461538462,0.583333333,0.857142857,-0.477832258,0.999,yes,Uncertain significance,yes,"['Carcinoma', 'Carcinoma']",N/A,no,1
T167N,0.180232558,0.330434783,0.521008403,0.441860465,0.372881356,0.269230769,0.458333333,0.392857143,-0.082589834,0.955,yes,Uncertain significance,no,N/A,N/A,no,
T202I,0.098484848,0.310344828,0.44,0.064516129,0,0.125,-0.181818182,0.210526316,0.026116005,0.999,yes,Uncertain significance,yes,['Carcinoma'],N/A,no,
T348S,0.005847953,0.009345794,0.114035088,-0.06122449,-0.137254902,0.314285714,0.08,0,#VALUE!,0.001,no,N/A,no,N/A,N/A,no,
T363N,0.034482759,0.025423729,0.087591241,0.027777778,-0.031746032,-0.444444444,0.333333333,-0.230769231,-0.141184717,0.058,no,N/A,no,N/A,4.14E-06,yes,0
T78A,0.109589041,0.177777778,0.176470588,0.818181818,0.509803922,1.730769231,2.15,1.866666667,0.043517769,0.001,no,N/A,yes,['Carcinoma'],N/A,no,
V255A,0.45751634,0.755319149,0.927835052,1.709677419,1.365384615,1.24137931,3,2.277777778,-0.324934299,0.136,no,N/A,yes,"['Carcinoma', 'Carcinoma']",N/A,no,1
W274L,0.183006536,0.212765957,0.206185567,-0.193548387,0.057692308,1.137931034,1.2,1.444444444,-0.994250065,0.998,yes,Uncertain significance,no,N/A,N/A,no,
Y138L,0.394495413,0.582822086,0.939393939,1.257142857,1.1125,1.934782609,2.363636364,2.617647059,-0.076106697,0.999,no,N/A,no,N/A,N/A,no,
Y176C,0.196078431,0.308510638,0.195876289,1.516129032,0.865384615,1.965517241,2.666666667,2.166666667,-0.322872041,0,yes,Uncertain significance,yes,['Carcinoma'],N/A,no,
Y178X,0.854014599,0.933333333,1.022988506,0.885714286,1.096774194,1.107142857,0.652173913,0.8125,-0.478011694,,no,N/A,no,N/A,N/A,no,
Y180H,1.198529412,1.182692308,1.118644068,1.75,1.301886792,1.806451613,2.928571429,4.333333333,0.084011189,0,yes,Uncertain significance,no,N/A,3.98E-06,yes,0
Y27C,0.742424242,0.908045977,1.01,1.032258065,1.0625,1.291666667,0.727272727,1.315789474,-0.412139491,0.733,yes,Uncertain significance,yes,"['Carcinoma', 'Carcinoma', 'Carcinoma', 'Carcinoma', 'Glioma', 'Carcinoma', 'Other', 'Carcinoma']",N/A,no,1
Y346F,0.011695906,0.009345794,0.00877193,0.163265306,0.039215686,-0.485714286,0.24,0.088235294,#VALUE!,0,no,N/A,no,N/A,N/A,no,
Y65C,0.02919708,0.111111111,0.183908046,0.142857143,-0.129032258,0.285714286,0,0.375,0.044501419,1,no,N/A,yes,['Carcinoma'],N/A,no,
Y68H,0.910828025,1.217391304,1.092436975,0.727272727,0.714285714,0.90625,1.526315789,1.230769231,-0.840853189,0.999,yes,Likely pathogenic,yes,"['Carcinoma', 'Carcinoma', 'Carcinoma', 'Carcinoma', 'Glioma', 'Carcinoma', 'Other', 'Carcinoma', 'Carcinoma', 'Glioma', 'Carcinoma', 'Carcinoma', 'Carcinoma', 'Glioma', 'Carcinoma', 'In situ neoplasm', 'Glioma', 'Carcinoma', 'Carcinoma', 'Carcinoma', 'Carcinoma', 'Carcinoma']",N/A,no,1
Y68N,1.286764706,1.038461538,1.076271186,1.888888889,1.377358491,1.935483871,3.5,4.833333333,-1.230020146,0.999,yes,Likely pathogenic,yes,"['Carcinoma', 'Carcinoma', 'Carcinoma', 'Carcinoma']",N/A,no,1